Protocollo;Gruppo;DataOraIncidente;Localizzazione1;STRADA1;Localizzazione2;STRADA2;Strada02;Chilometrica;DaSpecificare;NaturaIncidente;particolaritastrade;TipoStrada;FondoStradale;Pavimentazione;Segnaletica;CondizioneAtmosferica;Traffico;Visibilita;Illuminazione;NUM_FERITI;NUM_RISERVATA;NUM_MORTI;NUM_ILLESI;Longitudine;Latitudine;Confermato;Progressivo;TipoVeicolo;StatoVeicolo;TipoPersona;Sesso;Tipolesione;Deceduto;DecedutoDopo;CinturaCascoUtilizzato;Airbag
1786499;9;03/01/2009 22:45;Strada Urbana;VIA VETULONIA;all'intersezione con;VIA LUSITANIA;VIA LUSITANIA;;;Scontro laterale fra veicoli in marcia;Incrocio;Una carreggiata a senso unico di marcia;Asciutto;Asfaltata;Verticale ed orizzontale;Nuvoloso;Scarso;Buona;Sufficiente;3;0;0;2;;;-1;2;Autovettura privata;In marcia / fermata / arresto;Conducente;M;Illeso;0;;Non accertato;Inesistente
1786499;9;03/01/2009 22:45;Strada Urbana;VIA VETULONIA;all'intersezione con;VIA LUSITANIA;VIA LUSITANIA;;;Scontro laterale fra veicoli in marcia;Incrocio;Una carreggiata a senso unico di marcia;Asciutto;Asfaltata;Verticale ed orizzontale;Nuvoloso;Scarso;Buona;Sufficiente;3;0;0;2;;;-1;2;Autovettura privata;In marcia / fermata / arresto;Passeggero;M;Illeso;0;;Non accertato;Inesistente
1786500;23;04/01/2009 00:15;Strada Urbana;VIADOTTO ATTICO TABACCHI;da specificare;;;;al di sopra del viadotto stesso;Veicolo in marcia contro ostacolo accidentale;Cavalcavia;Due carreggiate;Asciutto;Asfaltata;Assente;Sereno;Scarso;Buona;Sufficiente;0;0;0;1;;;-1;1;Autovettura privata;In marcia / fermata / arresto;Conducente;M;Illeso;0;;Non accertato;Inesploso
1786510;1;04/01/2009 01:30;Strada Urbana;VIA GIOSUE' CARDUCCI;all'intersezione con;VIA ANTONIO SALANDRA;VIA ANTONIO SALANDRA;;;Scontro frontale/laterale DX fra veicoli in marcia;Intersezione non regolata/non segnalata;Una carreggiata a senso unico di marcia;Asciutto;In cubetti di porfido;Verticale ed orizzontale;Sereno;Scarso;Sufficiente;Sufficiente;0;0;0;3;;;-1;1;Autovettura privata;In marcia / fermata / arresto;Conducente;M;Illeso;0;;Utilizzato;Inesistente
1786510;1;04/01/2009 01:30;Strada Urbana;VIA GIOSUE' CARDUCCI;all'intersezione con;VIA ANTONIO SALANDRA;VIA ANTONIO SALANDRA;;;Scontro frontale/laterale DX fra veicoli in marcia;Intersezione non regolata/non segnalata;Una carreggiata a senso unico di marcia;Asciutto;In cubetti di porfido;Verticale ed orizzontale;Sereno;Scarso;Sufficiente;Sufficiente;0;0;0;3;;;-1;1;Autovettura privata;In marcia / fermata / arresto;Passeggero;M;Illeso;0;;Utilizzato;Inesistente
1786510;1;04/01/2009 01:30;Strada Urbana;VIA GIOSUE' CARDUCCI;all'intersezione con;VIA ANTONIO SALANDRA;VIA ANTONIO SALANDRA;;;Scontro frontale/laterale DX fra veicoli in marcia;Intersezione non regolata/non segnalata;Una carreggiata a senso unico di marcia;Asciutto;In cubetti di porfido;Verticale ed orizzontale;Sereno;Scarso;Sufficiente;Sufficiente;0;0;0;3;;;-1;2;Autovettura privata;In marcia / fermata / arresto;Conducente;M;Illeso;0;;Utilizzato;Inesistente
1786512;10;02/01/2009 10:30;Strada Urbana;VIA TUSCOLANA;in corrispondenza;;del civico n. ;1009;;Scontro frontale/laterale SX fra veicoli in marcia;Rettilineo;Due carreggiate;Asciutto;Asfaltata;Verticale ed orizzontale;Sereno;Normale;Buona;Ore Diurne;2;0;0;0;;;-1;1;Motociclo a solo;In marcia / fermata / arresto;Conducente;M;Rimandato;0;NON DECEDUTO;Non accertato;Inesistente
1786512;10;02/01/2009 10:30;Strada Urbana;VIA TUSCOLANA;in corrispondenza;;del civico n. ;1009;;Scontro frontale/laterale SX fra veicoli in marcia;Rettilineo;Due carreggiate;Asciutto;Asfaltata;Verticale ed orizzontale;Sereno;Normale;Buona;Ore Diurne;2;0;0;0;;;-1;2;Autovettura privata;In marcia / fermata / arresto;Conducente;M;Rimandato;0;NON DECEDUTO;Non accertato;Inesploso
1786513;10;02/01/2009 13:30;Strada Urbana;CIRCONVALLAZIONE ORIENTALE;da specificare;;;;inversione di marcia da esterna ad interna;Scontro frontale fra veicoli in marcia;Curva senza visuale libera;Due carreggiate;Bagnato (umidità in atto);Asfaltata;Verticale ed orizzontale;Nuvoloso;Normale;Buona;Ore Diurne;1;0;0;3;;;-1;1;Autovettura privata;In marcia / fermata / arresto;Conducente;F;Rifiuta cure immediate;0;NON DECEDUTO;Non accertato;Inesistente
1786513;10;02/01/2009 13:30;Strada Urbana;CIRCONVALLAZIONE ORIENTALE;da specificare;;;;inversione di marcia da esterna ad interna;Scontro frontale fra veicoli in marcia;Curva senza visuale libera;Due carreggiate;Bagnato (umidità in atto);Asfaltata;Verticale ed orizzontale;Nuvoloso;Normale;Buona;Ore Diurne;1;0;0;3;;;-1;2;Autovettura privata;In marcia / fermata / arresto;Conducente;M;Illeso;0;;Non accertato;Inesploso
1786513;10;02/01/2009 13:30;Strada Urbana;CIRCONVALLAZIONE ORIENTALE;da specificare;;;;inversione di marcia da esterna ad interna;Scontro frontale fra veicoli in marcia;Curva senza visuale libera;Due carreggiate;Bagnato (umidità in atto);Asfaltata;Verticale ed orizzontale;Nuvoloso;Normale;Buona;Ore Diurne;1;0;0;3;;;-1;2;Autovettura privata;In marcia / fermata / arresto;Passeggero;M;Illeso;0;;Non accertato;Inesistente
1786513;10;02/01/2009 13:30;Strada Urbana;CIRCONVALLAZIONE ORIENTALE;da specificare;;;;inversione di marcia da esterna ad interna;Scontro frontale fra veicoli in marcia;Curva senza visuale libera;Due carreggiate;Bagnato (umidità in atto);Asfaltata;Verticale ed orizzontale;Nuvoloso;Normale;Buona;Ore Diurne;1;0;0;3;;;-1;2;Autovettura privata;In marcia / fermata / arresto;Passeggero;M;Illeso;0;;Non accertato;Inesistente
1786514;10;02/01/2009 17:40;Strada Urbana;VIA SANDRO PENNA;all'intersezione con;VIA DI TOR VERGATA;VIA DI TOR VERGATA;;;Scontro laterale fra veicoli in marcia;Incrocio;Una carreggiata a doppio senso;Bagnato (pioggia);Asfaltata;Verticale ed orizzontale;Pioggia in atto;Intenso;Sufficiente;Sufficiente;0;0;0;2;;;-1;1;Autovettura privata;In marcia / fermata / arresto;Conducente;F;Illeso;0;;Non accertato;Inesploso
1786514;10;02/01/2009 17:40;Strada Urbana;VIA SANDRO PENNA;all'intersezione con;VIA DI TOR VERGATA;VIA DI TOR VERGATA;;;Scontro laterale fra veicoli in marcia;Incrocio;Una carreggiata a doppio senso;Bagnato (pioggia);Asfaltata;Verticale ed orizzontale;Pioggia in atto;Intenso;Sufficiente;Sufficiente;0;0;0;2;;;-1;2;Autovettura privata;In marcia / fermata / arresto;Conducente;F;Illeso;0;;Non accertato;Inesploso
1786515;10;02/01/2009 18:45;Strada Urbana;VIALE SPARTACO;in prossimità;;del civico n. ;19;;Investimento di pedone;Rettilineo;Una carreggiata a doppio senso;Bagnato (pioggia);Asfaltata;Verticale ed orizzontale;Pioggia in atto;Scarso;Buona;Sufficiente;1;0;0;3;;;-1;;;;Pedone;M;Rimandato;0;NON DECEDUTO;;
1786515;10;02/01/2009 18:45;Strada Urbana;VIALE SPARTACO;in prossimità;;del civico n. ;19;;Investimento di pedone;Rettilineo;Una carreggiata a doppio senso;Bagnato (pioggia);Asfaltata;Verticale ed orizzontale;Pioggia in atto;Scarso;Buona;Sufficiente;1;0;0;3;;;-1;1;Autovettura privata;In marcia / fermata / arresto;Conducente;M;Illeso;0;;Non accertato;Inesploso
1786515;10;02/01/2009 18:45;Strada Urbana;VIALE SPARTACO;in prossimità;;del civico n. ;19;;Investimento di pedone;Rettilineo;Una carreggiata a doppio senso;Bagnato (pioggia);Asfaltata;Verticale ed orizzontale;Pioggia in atto;Scarso;Buona;Sufficiente;1;0;0;3;;;-1;1;Autovettura privata;In marcia / fermata / arresto;Passeggero;F;Illeso;0;;Non accertato;Inesploso
1786515;10;02/01/2009 18:45;Strada Urbana;VIALE SPARTACO;in prossimità;;del civico n. ;19;;Investimento di pedone;Rettilineo;Una carreggiata a doppio senso;Bagnato (pioggia);Asfaltata;Verticale ed orizzontale;Pioggia in atto;Scarso;Buona;Sufficiente;1;0;0;3;;;-1;1;Autovettura privata;In marcia / fermata / arresto;Passeggero;M;Illeso;0;;Non accertato;Inesistente
1786516;10;02/01/2009 20:30;Strada Urbana;VIA APPIA PIGNATELLI;all'intersezione semaforizzata con;VIA ANNIA REGILLA;VIA ANNIA REGILLA;;;Scontro frontale/laterale DX fra veicoli in marcia;Intersezione semaforizzata;Una carreggiata a doppio senso;Bagnato (pioggia);Asfaltata;Verticale ed orizzontale;Pioggia in atto;Normale;Buona;Sufficiente;0;0;0;4;;;-1;1;Autovettura privata;In marcia / fermata / arresto;Conducente;M;Illeso;0;;Non accertato;Inesploso
1786516;10;02/01/2009 20:30;Strada Urbana;VIA APPIA PIGNATELLI;all'intersezione semaforizzata con;VIA ANNIA REGILLA;VIA ANNIA REGILLA;;;Scontro frontale/laterale DX fra veicoli in marcia;Intersezione semaforizzata;Una carreggiata a doppio senso;Bagnato (pioggia);Asfaltata;Verticale ed orizzontale;Pioggia in atto;Normale;Buona;Sufficiente;0;0;0;4;;;-1;1;Autovettura privata;In marcia / fermata / arresto;Passeggero;M;Illeso;0;;Non accertato;Inesistente
1786516;10;02/01/2009 20:30;Strada Urbana;VIA APPIA PIGNATELLI;all'intersezione semaforizzata con;VIA ANNIA REGILLA;VIA ANNIA REGILLA;;;Scontro frontale/laterale DX fra veicoli in marcia;Intersezione semaforizzata;Una carreggiata a doppio senso;Bagnato (pioggia);Asfaltata;Verticale ed orizzontale;Pioggia in atto;Normale;Buona;Sufficiente;0;0;0;4;;;-1;1;Autovettura privata;In marcia / fermata / arresto;Passeggero;M;Illeso;0;;Non accertato;Inesistente
1786516;10;02/01/2009 20:30;Strada Urbana;VIA APPIA PIGNATELLI;all'intersezione semaforizzata con;VIA ANNIA REGILLA;VIA ANNIA REGILLA;;;Scontro frontale/laterale DX fra veicoli in marcia;Intersezione semaforizzata;Una carreggiata a doppio senso;Bagnato (pioggia);Asfaltata;Verticale ed orizzontale;Pioggia in atto;Normale;Buona;Sufficiente;0;0;0;4;;;-1;2;Autovettura privata;In marcia / fermata / arresto;Conducente;M;Illeso;0;;Non accertato;Esploso
1786517;10;03/01/2009 11:00;Strada Urbana;VIA TUSCOLANA;in prossimità;;del civico n. ;1348;;Scontro frontale/laterale DX fra veicoli in marcia;Rettilineo;Una carreggiata a senso unico di marcia;Bagnato (pioggia);Asfaltata;Orizzontale;Pioggia in atto;Intenso;Sufficiente;Ore Diurne;0;0;0;4;;;-1;1;Autovettura privata;In marcia / fermata / arresto;Conducente;M;Illeso;0;;Non accertato;Inesploso
1786517;10;03/01/2009 11:00;Strada Urbana;VIA TUSCOLANA;in prossimità;;del civico n. ;1348;;Scontro frontale/laterale DX fra veicoli in marcia;Rettilineo;Una carreggiata a senso unico di marcia;Bagnato (pioggia);Asfaltata;Orizzontale;Pioggia in atto;Intenso;Sufficiente;Ore Diurne;0;0;0;4;;;-1;1;Autovettura privata;In marcia / fermata / arresto;Passeggero;M;Illeso;0;;Non accertato;Inesistente
1786517;10;03/01/2009 11:00;Strada Urbana;VIA TUSCOLANA;in prossimità;;del civico n. ;1348;;Scontro frontale/laterale DX fra veicoli in marcia;Rettilineo;Una carreggiata a senso unico di marcia;Bagnato (pioggia);Asfaltata;Orizzontale;Pioggia in atto;Intenso;Sufficiente;Ore Diurne;0;0;0;4;;;-1;1;Autovettura privata;In marcia / fermata / arresto;Passeggero;F;Illeso;0;;Non accertato;Inesistente
1786517;10;03/01/2009 11:00;Strada Urbana;VIA TUSCOLANA;in prossimità;;del civico n. ;1348;;Scontro frontale/laterale DX fra veicoli in marcia;Rettilineo;Una carreggiata a senso unico di marcia;Bagnato (pioggia);Asfaltata;Orizzontale;Pioggia in atto;Intenso;Sufficiente;Ore Diurne;0;0;0;4;;;-1;2;Autoveicolo trasp.promisc.;In marcia / fermata / arresto;Conducente;M;Illeso;0;;Non accertato;Inesistente
1786518;10;03/01/2009 11:30;Strada Urbana;VIALE LUIGI SCHIAVONETTI;in prossimità;;del civico n. ;270;;Scontro laterale fra veicoli in marcia;Rettilineo;Due carreggiate;Bagnato (pioggia);Asfaltata;Verticale;Sereno;Normale;Buona;Ore Diurne;4;0;0;3;;;-1;1;Autovettura privata;In marcia / fermata / arresto;Conducente;M;Illeso;0;;Non accertato;Inesistente
1786518;10;03/01/2009 11:30;Strada Urbana;VIALE LUIGI SCHIAVONETTI;in prossimità;;del civico n. ;270;;Scontro laterale fra veicoli in marcia;Rettilineo;Due carreggiate;Bagnato (pioggia);Asfaltata;Verticale;Sereno;Normale;Buona;Ore Diurne;4;0;0;3;;;-1;1;Autovettura privata;In marcia / fermata / arresto;Passeggero;F;Illeso;0;;Non accertato;Esploso
1786518;10;03/01/2009 11:30;Strada Urbana;VIALE LUIGI SCHIAVONETTI;in prossimità;;del civico n. ;270;;Scontro laterale fra veicoli in marcia;Rettilineo;Due carreggiate;Bagnato (pioggia);Asfaltata;Verticale;Sereno;Normale;Buona;Ore Diurne;4;0;0;3;;;-1;1;Autovettura privata;In marcia / fermata / arresto;Passeggero;F;Rimandato;0;NON DECEDUTO;Utilizzato;Esploso
1786518;10;03/01/2009 11:30;Strada Urbana;VIALE LUIGI SCHIAVONETTI;in prossimità;;del civico n. ;270;;Scontro laterale fra veicoli in marcia;Rettilineo;Due carreggiate;Bagnato (pioggia);Asfaltata;Verticale;Sereno;Normale;Buona;Ore Diurne;4;0;0;3;;;-1;1;Autovettura privata;In marcia / fermata / arresto;Passeggero;M;Illeso;0;;Non accertato;Inesistente
1786518;10;03/01/2009 11:30;Strada Urbana;VIALE LUIGI SCHIAVONETTI;in prossimità;;del civico n. ;270;;Scontro laterale fra veicoli in marcia;Rettilineo;Due carreggiate;Bagnato (pioggia);Asfaltata;Verticale;Sereno;Normale;Buona;Ore Diurne;4;0;0;3;;;-1;2;Autovettura privata;In marcia / fermata / arresto;Conducente;M;Rimandato;0;NON DECEDUTO;Non accertato;Inesistente
1786518;10;03/01/2009 11:30;Strada Urbana;VIALE LUIGI SCHIAVONETTI;in prossimità;;del civico n. ;270;;Scontro laterale fra veicoli in marcia;Rettilineo;Due carreggiate;Bagnato (pioggia);Asfaltata;Verticale;Sereno;Normale;Buona;Ore Diurne;4;0;0;3;;;-1;2;Autovettura privata;In marcia / fermata / arresto;Passeggero;F;Rimandato;0;NON DECEDUTO;Non accertato;Inesistente
1786518;10;03/01/2009 11:30;Strada Urbana;VIALE LUIGI SCHIAVONETTI;in prossimità;;del civico n. ;270;;Scontro laterale fra veicoli in marcia;Rettilineo;Due carreggiate;Bagnato (pioggia);Asfaltata;Verticale;Sereno;Normale;Buona;Ore Diurne;4;0;0;3;;;-1;2;Autovettura privata;In marcia / fermata / arresto;Passeggero;F;Rimandato;0;NON DECEDUTO;Non accertato;Inesistente
1786519;10;04/01/2009 08:30;Strada Urbana;VIA TUSCOLANA;all'intersezione con;VIA GASPERINA;VIA GASPERINA;;;Scontro frontale/laterale SX fra veicoli in marcia;Incrocio;Due carreggiate;Asciutto;Asfaltata;Verticale ed orizzontale;Sereno;Scarso;Buona;Ore Diurne;1;0;0;3;;;-1;1;Autovettura privata;In marcia / fermata / arresto;Conducente;M;Illeso;0;;Non accertato;Inesistente
1786519;10;04/01/2009 08:30;Strada Urbana;VIA TUSCOLANA;all'intersezione con;VIA GASPERINA;VIA GASPERINA;;;Scontro frontale/laterale SX fra veicoli in marcia;Incrocio;Due carreggiate;Asciutto;Asfaltata;Verticale ed orizzontale;Sereno;Scarso;Buona;Ore Diurne;1;0;0;3;;;-1;1;Autovettura privata;In marcia / fermata / arresto;Passeggero;F;Rimandato;0;NON DECEDUTO;Non accertato;Inesistente
1786519;10;04/01/2009 08:30;Strada Urbana;VIA TUSCOLANA;all'intersezione con;VIA GASPERINA;VIA GASPERINA;;;Scontro frontale/laterale SX fra veicoli in marcia;Incrocio;Due carreggiate;Asciutto;Asfaltata;Verticale ed orizzontale;Sereno;Scarso;Buona;Ore Diurne;1;0;0;3;;;-1;2;Autovettura privata;In marcia / fermata / arresto;Conducente;M;Illeso;0;;Non accertato;Inesistente
1786519;10;04/01/2009 08:30;Strada Urbana;VIA TUSCOLANA;all'intersezione con;VIA GASPERINA;VIA GASPERINA;;;Scontro frontale/laterale SX fra veicoli in marcia;Incrocio;Due carreggiate;Asciutto;Asfaltata;Verticale ed orizzontale;Sereno;Scarso;Buona;Ore Diurne;1;0;0;3;;;-1;2;Autovettura privata;In marcia / fermata / arresto;Passeggero;M;Illeso;0;;Non accertato;Inesistente
1786520;10;04/01/2009 19:50;Strada Urbana;VIALE PALMIRO TOGLIATTI;all'intersezione semaforizzata con;VIA FILIPPO SERAFINI;VIA FILIPPO SERAFINI;;;Scontro frontale/laterale DX fra veicoli in marcia;Incrocio;Due carreggiate;Asciutto;Asfaltata;Verticale ed orizzontale;Sereno;Normale;Sufficiente;Sufficiente;1;0;0;3;;;-1;1;Autovettura privata;In marcia / fermata / arresto;Conducente;M;Illeso;0;;Non accertato;Inesploso
1786520;10;04/01/2009 19:50;Strada Urbana;VIALE PALMIRO TOGLIATTI;all'intersezione semaforizzata con;VIA FILIPPO SERAFINI;VIA FILIPPO SERAFINI;;;Scontro frontale/laterale DX fra veicoli in marcia;Incrocio;Due carreggiate;Asciutto;Asfaltata;Verticale ed orizzontale;Sereno;Normale;Sufficiente;Sufficiente;1;0;0;3;;;-1;1;Autovettura privata;In marcia / fermata / arresto;Passeggero;M;Illeso;0;;Non accertato;Inesploso
1786520;10;04/01/2009 19:50;Strada Urbana;VIALE PALMIRO TOGLIATTI;all'intersezione semaforizzata con;VIA FILIPPO SERAFINI;VIA FILIPPO SERAFINI;;;Scontro frontale/laterale DX fra veicoli in marcia;Incrocio;Due carreggiate;Asciutto;Asfaltata;Verticale ed orizzontale;Sereno;Normale;Sufficiente;Sufficiente;1;0;0;3;;;-1;2;Autovettura privata;In marcia / fermata / arresto;Conducente;F;Illeso;0;;Non accertato;Inesploso
1786520;10;04/01/2009 19:50;Strada Urbana;VIALE PALMIRO TOGLIATTI;all'intersezione semaforizzata con;VIA FILIPPO SERAFINI;VIA FILIPPO SERAFINI;;;Scontro frontale/laterale DX fra veicoli in marcia;Incrocio;Due carreggiate;Asciutto;Asfaltata;Verticale ed orizzontale;Sereno;Normale;Sufficiente;Sufficiente;1;0;0;3;;;-1;2;Autovettura privata;In marcia / fermata / arresto;Passeggero;M;Rifiuta cure immediate;0;NON DECEDUTO;Non accertato;Inesploso
1786522;11;03/01/2009 10:00;Strada Urbana;VIA LAURENTINA;all'intersezione con;VIA GASPARE GOZZI;VIA GASPARE GOZZI;;;Investimento di pedone;Intersezione non regolata/non segnalata;Una carreggiata a senso unico di marcia;Bagnato (pioggia);Asfaltata;Assente;Pioggia in atto;Scarso;Buona;Ore Diurne;1;0;0;1;;;-1;;;;Pedone;M;Ricoverato;0;NON DECEDUTO;;
1786522;11;03/01/2009 10:00;Strada Urbana;VIA LAURENTINA;all'intersezione con;VIA GASPARE GOZZI;VIA GASPARE GOZZI;;;Investimento di pedone;Intersezione non regolata/non segnalata;Una carreggiata a senso unico di marcia;Bagnato (pioggia);Asfaltata;Assente;Pioggia in atto;Scarso;Buona;Ore Diurne;1;0;0;1;;;-1;1;Autovettura privata;In marcia / fermata / arresto;Conducente;M;Illeso;0;;Non accertato;Inesistente
1786523;11;04/01/2009 05:45;Strada Urbana;VIA ARDEATINA;da specificare;;;;subito dopo intersezione CASALI DELLE CORNACCHIOLE;Fuoriuscita dalla sede stradale;Curva a visuale libera;Una carreggiata a doppio senso;Asciutto;Asfaltata;Orizzontale;Sereno;Scarso;Buona;Inesistente;1;0;0;0;;;-1;1;Autovettura privata;In marcia / fermata / arresto;Conducente;M;Rimandato;0;NON DECEDUTO;Non accertato;Inesistente
1786524;11;04/01/2009 08:25;Strada Urbana;VIA ATTILIO AMBROSINI;all'intersezione semaforizzata con;VIA ACCADEMIA DEGLI AGIATI;VIA ACCADEMIA DEGLI AGIATI;;;Scontro frontale/laterale DX fra veicoli in marcia;Incrocio;Due carreggiate;Asciutto;Asfaltata;Verticale ed orizzontale;Sereno;Scarso;Buona;Ore Diurne;2;0;0;0;;;-1;1;Autovettura privata;In marcia / fermata / arresto;Conducente;M;Rifiuta cure immediate;0;NON DECEDUTO;Utilizzato;Inesploso
1786524;11;04/01/2009 08:25;Strada Urbana;VIA ATTILIO AMBROSINI;all'intersezione semaforizzata con;VIA ACCADEMIA DEGLI AGIATI;VIA ACCADEMIA DEGLI AGIATI;;;Scontro frontale/laterale DX fra veicoli in marcia;Incrocio;Due carreggiate;Asciutto;Asfaltata;Verticale ed orizzontale;Sereno;Scarso;Buona;Ore Diurne;2;0;0;0;;;-1;2;Autovettura privata;In marcia / fermata / arresto;Conducente;F;Rimandato;0;NON DECEDUTO;Non accertato;Inesistente
1786527;12;01/01/2009 13:50;Strada Urbana;VIA CRISTOFORO COLOMBO;da specificare;;;;dir. Roma pros. Via Laurentina;Fuoriuscita dalla sede stradale;Rettilineo;Due carreggiate;Bagnato (umidità in atto);Asfaltata;Verticale ed orizzontale;Nuvoloso;Scarso;Buona;Ore Diurne;1;0;0;2;;;-1;1;Autovettura privata;In marcia / fermata / arresto;Conducente;M;Illeso;0;;Utilizzato;Inesploso
1786527;12;01/01/2009 13:50;Strada Urbana;VIA CRISTOFORO COLOMBO;da specificare;;;;dir. Roma pros. Via Laurentina;Fuoriuscita dalla sede stradale;Rettilineo;Due carreggiate;Bagnato (umidità in atto);Asfaltata;Verticale ed orizzontale;Nuvoloso;Scarso;Buona;Ore Diurne;1;0;0;2;;;-1;1;Autovettura privata;In marcia / fermata / arresto;Passeggero;M;Illeso;0;;Utilizzato;Inesistente
1786527;12;01/01/2009 13:50;Strada Urbana;VIA CRISTOFORO COLOMBO;da specificare;;;;dir. Roma pros. Via Laurentina;Fuoriuscita dalla sede stradale;Rettilineo;Due carreggiate;Bagnato (umidità in atto);Asfaltata;Verticale ed orizzontale;Nuvoloso;Scarso;Buona;Ore Diurne;1;0;0;2;;;-1;1;Autovettura privata;In marcia / fermata / arresto;Passeggero;M;Rimandato;0;NON DECEDUTO;Utilizzato;Inesistente
1786528;12;02/01/2009 11:40;Strada Urbana;VIALE DEGLI EROI DI CEFALONIA;da specificare;;;;tra via P.R. Formato e V.le Caduti G. Liberazione;Scontro laterale fra veicoli in marcia;Rettilineo;Una carreggiata a senso unico di marcia;Asciutto;Asfaltata;Verticale ed orizzontale;Nuvoloso;Normale;Buona;Ore Diurne;2;0;0;4;;;-1;1;Autovettura privata;In marcia / fermata / arresto;Conducente;M;Illeso;0;;Utilizzato;Inesploso
1786528;12;02/01/2009 11:40;Strada Urbana;VIALE DEGLI EROI DI CEFALONIA;da specificare;;;;tra via P.R. Formato e V.le Caduti G. Liberazione;Scontro laterale fra veicoli in marcia;Rettilineo;Una carreggiata a senso unico di marcia;Asciutto;Asfaltata;Verticale ed orizzontale;Nuvoloso;Normale;Buona;Ore Diurne;2;0;0;4;;;-1;1;Autovettura privata;In marcia / fermata / arresto;Passeggero;F;Illeso;0;;Utilizzato;Inesistente
1786528;12;02/01/2009 11:40;Strada Urbana;VIALE DEGLI EROI DI CEFALONIA;da specificare;;;;tra via P.R. Formato e V.le Caduti G. Liberazione;Scontro laterale fra veicoli in marcia;Rettilineo;Una carreggiata a senso unico di marcia;Asciutto;Asfaltata;Verticale ed orizzontale;Nuvoloso;Normale;Buona;Ore Diurne;2;0;0;4;;;-1;1;Autovettura privata;In marcia / fermata / arresto;Passeggero;F;Illeso;0;;Utilizzato;Inesploso
1786528;12;02/01/2009 11:40;Strada Urbana;VIALE DEGLI EROI DI CEFALONIA;da specificare;;;;tra via P.R. Formato e V.le Caduti G. Liberazione;Scontro laterale fra veicoli in marcia;Rettilineo;Una carreggiata a senso unico di marcia;Asciutto;Asfaltata;Verticale ed orizzontale;Nuvoloso;Normale;Buona;Ore Diurne;2;0;0;4;;;-1;2;Autovettura privata;In marcia / fermata / arresto;Conducente;M;Rimandato;0;NON DECEDUTO;Utilizzato;Inesploso
1786528;12;02/01/2009 11:40;Strada Urbana;VIALE DEGLI EROI DI CEFALONIA;da specificare;;;;tra via P.R. Formato e V.le Caduti G. Liberazione;Scontro laterale fra veicoli in marcia;Rettilineo;Una carreggiata a senso unico di marcia;Asciutto;Asfaltata;Verticale ed orizzontale;Nuvoloso;Normale;Buona;Ore Diurne;2;0;0;4;;;-1;2;Autovettura privata;In marcia / fermata / arresto;Passeggero;F;Rimandato;0;NON DECEDUTO;Utilizzato;Inesistente
1786528;12;02/01/2009 11:40;Strada Urbana;VIALE DEGLI EROI DI CEFALONIA;da specificare;;;;tra via P.R. Formato e V.le Caduti G. Liberazione;Scontro laterale fra veicoli in marcia;Rettilineo;Una carreggiata a senso unico di marcia;Asciutto;Asfaltata;Verticale ed orizzontale;Nuvoloso;Normale;Buona;Ore Diurne;2;0;0;4;;;-1;2;Autovettura privata;In marcia / fermata / arresto;Passeggero;M;Illeso;0;;Utilizzato;Inesistente
1786529;12;02/01/2009 16:20;Provinciale;VIA DELLA STAZIONE DI PAVONA;all'intersezione con;VIA DEGLI AGROSTEMMI;VIA DEGLI AGROSTEMMI;;;Scontro frontale/laterale SX fra veicoli in marcia;Incrocio;Una carreggiata a doppio senso;Bagnato (pioggia);Asfaltata;Verticale ed orizzontale;Pioggia in atto;Normale;Insufficiente;Insufficiente;1;0;0;2;;;-1;1;Autovettura privata;In marcia / fermata / arresto;Conducente;M;Illeso;0;;Utilizzato;Inesploso
1786529;12;02/01/2009 16:20;Provinciale;VIA DELLA STAZIONE DI PAVONA;all'intersezione con;VIA DEGLI AGROSTEMMI;VIA DEGLI AGROSTEMMI;;;Scontro frontale/laterale SX fra veicoli in marcia;Incrocio;Una carreggiata a doppio senso;Bagnato (pioggia);Asfaltata;Verticale ed orizzontale;Pioggia in atto;Normale;Insufficiente;Insufficiente;1;0;0;2;;;-1;2;Autovettura privata;In marcia / fermata / arresto;Conducente;M;Rimandato;0;NON DECEDUTO;Utilizzato;Inesistente
1786529;12;02/01/2009 16:20;Provinciale;VIA DELLA STAZIONE DI PAVONA;all'intersezione con;VIA DEGLI AGROSTEMMI;VIA DEGLI AGROSTEMMI;;;Scontro frontale/laterale SX fra veicoli in marcia;Incrocio;Una carreggiata a doppio senso;Bagnato (pioggia);Asfaltata;Verticale ed orizzontale;Pioggia in atto;Normale;Insufficiente;Insufficiente;1;0;0;2;;;-1;3;Autovettura privata;In marcia / fermata / arresto;Conducente;M;Illeso;0;;Utilizzato;Inesistente
1786530;12;03/01/2009 14:00;Strada Urbana;VIA CRISTOFORO COLOMBO;da specificare;;;;alt parcheggio P.le Nervi;Scontro laterale fra veicoli in marcia;Rettilineo;Una carreggiata a senso unico di marcia;Bagnato (umidità in atto);Asfaltata;Verticale ed orizzontale;Nuvoloso;Normale;Buona;Ore Diurne;4;0;0;3;;;-1;1;Autovettura privata;In marcia / fermata / arresto;Conducente;M;Illeso;0;;Utilizzato;Inesploso