Protocollo;Gruppo;DataOraIncidente;Localizzazione1;STRADA1;Localizzazione2;STRADA2;Strada02;Chilometrica;DaSpecificare;NaturaIncidente;particolaritastrade;TipoStrada;FondoStradale;Pavimentazione;Segnaletica;CondizioneAtmosferica;Traffico;Visibilita;Illuminazione;NUM_FERITI;NUM_RISERVATA;NUM_MORTI;NUM_ILLESI;Longitudine;Latitudine;Confermato;Progressivo;TipoVeicolo;StatoVeicolo;TipoPersona;Sesso;Tipolesione;Deceduto;DecedutoDopo;CinturaCascoUtilizzato;Airbag
1789610;10;30/01/2009 08:50;Strada Urbana;VIA RANUCCIO BIANCHI BANDINELLI;in corrispondenza;;del civico n. ;29;;Scontro frontale/laterale SX fra veicoli in marcia;Rettilineo;Una carreggiata a doppio senso;Sdrucciolevole (terriccio);Asfaltata;Orizzontale;Sereno;Normale;Buona;Ore Diurne;1;0;0;2;;;-1;1;Autovettura privata;In marcia / fermata / arresto;Passeggero;F;Illeso;0;;Non accertato;Inesploso
1789610;10;30/01/2009 08:50;Strada Urbana;VIA RANUCCIO BIANCHI BANDINELLI;in corrispondenza;;del civico n. ;29;;Scontro frontale/laterale SX fra veicoli in marcia;Rettilineo;Una carreggiata a doppio senso;Sdrucciolevole (terriccio);Asfaltata;Orizzontale;Sereno;Normale;Buona;Ore Diurne;1;0;0;2;;;-1;2;Motociclo a solo;In marcia / fermata / arresto;Conducente;M;Rimandato;0;NON DECEDUTO;Non accertato;Inesistente
1789611;10;30/01/2009 09:30;Strada Urbana;VIA QUINTO PUBLICIO;da specificare;;;;fronte civico 15 carreggiata dir. P. Togliatti;Scontro frontale/laterale DX fra veicoli in marcia;Rettilineo;Una carreggiata a senso unico di marcia;Asciutto;Asfaltata;Orizzontale;Sereno;Normale;Buona;Ore Diurne;1;0;0;1;;;-1;1;Autovettura privata;In marcia / fermata / arresto;Conducente;F;Illeso;0;;Non accertato;Inesploso
1789611;10;30/01/2009 09:30;Strada Urbana;VIA QUINTO PUBLICIO;da specificare;;;;fronte civico 15 carreggiata dir. P. Togliatti;Scontro frontale/laterale DX fra veicoli in marcia;Rettilineo;Una carreggiata a senso unico di marcia;Asciutto;Asfaltata;Orizzontale;Sereno;Normale;Buona;Ore Diurne;1;0;0;1;;;-1;2;Motociclo a solo;In marcia / fermata / arresto;Conducente;M;Rimandato;0;NON DECEDUTO;Non accertato;Inesistente
1789612;10;30/01/2009 09:45;Strada Urbana;VIA DI TORRE SPACCATA;all'intersezione semaforizzata con;VIA TUSCOLANA;VIA TUSCOLANA;;;Tamponamento;Intersezione stradale segnalata;Una carreggiata a doppio senso;Asciutto;Asfaltata;Verticale ed orizzontale;Sereno;Intenso;Buona;Ore Diurne;0;0;0;3;;;-1;1;Autovettura privata;In marcia / fermata / arresto;Conducente;M;Illeso;0;;Non accertato;Inesistente
1789612;10;30/01/2009 09:45;Strada Urbana;VIA DI TORRE SPACCATA;all'intersezione semaforizzata con;VIA TUSCOLANA;VIA TUSCOLANA;;;Tamponamento;Intersezione stradale segnalata;Una carreggiata a doppio senso;Asciutto;Asfaltata;Verticale ed orizzontale;Sereno;Intenso;Buona;Ore Diurne;0;0;0;3;;;-1;2;Autovettura privata;In marcia / fermata / arresto;Conducente;M;Illeso;0;;Non accertato;Inesistente
1789612;10;30/01/2009 09:45;Strada Urbana;VIA DI TORRE SPACCATA;all'intersezione semaforizzata con;VIA TUSCOLANA;VIA TUSCOLANA;;;Tamponamento;Intersezione stradale segnalata;Una carreggiata a doppio senso;Asciutto;Asfaltata;Verticale ed orizzontale;Sereno;Intenso;Buona;Ore Diurne;0;0;0;3;;;-1;2;Autovettura privata;In marcia / fermata / arresto;Passeggero;F;Illeso;0;;Non accertato;Inesistente
1789613;10;30/01/2009 21:00;Strada Urbana;VIA CARTAGINE;in prossimità;;del civico n. ;93;;Scontro frontale/laterale DX fra veicoli in marcia;Rettilineo;Due carreggiate;Asciutto;Asfaltata;Assente;Sereno;Scarso;Buona;Sufficiente;0;0;0;2;;;-1;1;Autovettura privata;In marcia / fermata / arresto;Conducente;F;Illeso;0;;Non accertato;Inesistente
1789613;10;30/01/2009 21:00;Strada Urbana;VIA CARTAGINE;in prossimità;;del civico n. ;93;;Scontro frontale/laterale DX fra veicoli in marcia;Rettilineo;Due carreggiate;Asciutto;Asfaltata;Assente;Sereno;Scarso;Buona;Sufficiente;0;0;0;2;;;-1;2;Autovettura privata;In marcia / fermata / arresto;Conducente;M;Illeso;0;;Non accertato;Inesistente
1789614;10;31/01/2009 06:30;Strada Urbana;VIA DI PASSOLOMBARDO;in prossimità;;del civico n. ;262;;Scontro frontale/laterale SX fra veicoli in marcia;Rettilineo;Una carreggiata a doppio senso;Asciutto;Asfaltata;Verticale ed orizzontale;Sereno;Scarso;Buona;Inesistente;1;0;0;1;;;-1;1;Autovettura privata;In marcia / fermata / arresto;Conducente;M;Rimandato;0;NON DECEDUTO;Non accertato;Inesistente
1789614;10;31/01/2009 06:30;Strada Urbana;VIA DI PASSOLOMBARDO;in prossimità;;del civico n. ;262;;Scontro frontale/laterale SX fra veicoli in marcia;Rettilineo;Una carreggiata a doppio senso;Asciutto;Asfaltata;Verticale ed orizzontale;Sereno;Scarso;Buona;Inesistente;1;0;0;1;;;-1;2;Autocarro inferiore 35 q.;In marcia / fermata / arresto;Conducente;M;Illeso;0;;Non accertato;Inesistente
1789615;10;31/01/2009 11:00;Strada Urbana;VIA DELLE CAPANNELLE;in corrispondenza;;del civico n. ;95;;Scontro laterale fra veicoli in marcia;Rettilineo;Una carreggiata a doppio senso;Asciutto;Asfaltata;Orizzontale;Sereno;Normale;Buona;Ore Diurne;1;0;0;2;;;-1;1;Autovettura privata;In marcia / fermata / arresto;Conducente;M;Illeso;0;;Non accertato;Inesploso
1789615;10;31/01/2009 11:00;Strada Urbana;VIA DELLE CAPANNELLE;in corrispondenza;;del civico n. ;95;;Scontro laterale fra veicoli in marcia;Rettilineo;Una carreggiata a doppio senso;Asciutto;Asfaltata;Orizzontale;Sereno;Normale;Buona;Ore Diurne;1;0;0;2;;;-1;1;Autovettura privata;In marcia / fermata / arresto;Passeggero;F;Illeso;0;;Non accertato;Inesploso
1789615;10;31/01/2009 11:00;Strada Urbana;VIA DELLE CAPANNELLE;in corrispondenza;;del civico n. ;95;;Scontro laterale fra veicoli in marcia;Rettilineo;Una carreggiata a doppio senso;Asciutto;Asfaltata;Orizzontale;Sereno;Normale;Buona;Ore Diurne;1;0;0;2;;;-1;2;Motociclo a solo;In marcia / fermata / arresto;Conducente;M;Ricoverato;0;NON DECEDUTO;Non accertato;Inesploso
1789617;10;31/01/2009 15:35;Strada Urbana;VIA DEI SETTE METRI;all'intersezione con;VIA DELLE VIGNE DI MORENA;VIA DELLE VIGNE DI MORENA;;;Scontro frontale/laterale DX fra veicoli in marcia;Incrocio;Una carreggiata a doppio senso;Asciutto;Asfaltata;Verticale ed orizzontale;Sereno;Intenso;Buona;Ore Diurne;1;0;0;3;;;-1;1;Autovettura privata;In marcia / fermata / arresto;Conducente;F;Illeso;0;;Non accertato;Inesploso
1789617;10;31/01/2009 15:35;Strada Urbana;VIA DEI SETTE METRI;all'intersezione con;VIA DELLE VIGNE DI MORENA;VIA DELLE VIGNE DI MORENA;;;Scontro frontale/laterale DX fra veicoli in marcia;Incrocio;Una carreggiata a doppio senso;Asciutto;Asfaltata;Verticale ed orizzontale;Sereno;Intenso;Buona;Ore Diurne;1;0;0;3;;;-1;1;Autovettura privata;In marcia / fermata / arresto;Passeggero;F;Illeso;0;;Non accertato;Inesploso
1789617;10;31/01/2009 15:35;Strada Urbana;VIA DEI SETTE METRI;all'intersezione con;VIA DELLE VIGNE DI MORENA;VIA DELLE VIGNE DI MORENA;;;Scontro frontale/laterale DX fra veicoli in marcia;Incrocio;Una carreggiata a doppio senso;Asciutto;Asfaltata;Verticale ed orizzontale;Sereno;Intenso;Buona;Ore Diurne;1;0;0;3;;;-1;2;Autovettura privata;In marcia / fermata / arresto;Conducente;F;Rimandato;0;NON DECEDUTO;Non accertato;Inesploso
1789617;10;31/01/2009 15:35;Strada Urbana;VIA DEI SETTE METRI;all'intersezione con;VIA DELLE VIGNE DI MORENA;VIA DELLE VIGNE DI MORENA;;;Scontro frontale/laterale DX fra veicoli in marcia;Incrocio;Una carreggiata a doppio senso;Asciutto;Asfaltata;Verticale ed orizzontale;Sereno;Intenso;Buona;Ore Diurne;1;0;0;3;;;-1;3;Autovettura privata;In marcia / fermata / arresto;Conducente;M;Illeso;0;;Non accertato;Esploso
1789618;10;31/01/2009 17:30;Strada Urbana;PIAZZA DEI TRIBUNI;all'intersezione con;VIA GAIO MELISSO;VIA GAIO MELISSO;;;Scontro laterale fra veicoli in marcia;Incrocio;Una carreggiata a senso unico di marcia;Asciutto;Asfaltata;Assente;Sereno;Scarso;Buona;Sufficiente;1;0;0;1;;;-1;1;Autovettura privata;In marcia / fermata / arresto;Conducente;M;Rifiuta cure immediate;0;NON DECEDUTO;Non accertato;Inesploso
1789618;10;31/01/2009 17:30;Strada Urbana;PIAZZA DEI TRIBUNI;all'intersezione con;VIA GAIO MELISSO;VIA GAIO MELISSO;;;Scontro laterale fra veicoli in marcia;Incrocio;Una carreggiata a senso unico di marcia;Asciutto;Asfaltata;Assente;Sereno;Scarso;Buona;Sufficiente;1;0;0;1;;;-1;2;Autovettura privata;In marcia / fermata / arresto;Conducente;M;Illeso;0;;Non accertato;Inesploso
1789622;11;15/01/2009 10:30;Strada Urbana;VIA COSTANTINO;all'intersezione con;VIA DELLA VILLA DI LUCINA;VIA DELLA VILLA DI LUCINA;;;Scontro frontale/laterale DX fra veicoli in marcia;Incrocio;Più di due carreggiate;Bagnato (pioggia);Asfaltata;Verticale ed orizzontale;Pioggia in atto;Normale;Buona;Ore Diurne;0;0;0;2;;;-1;1;Autovettura privata;In marcia / fermata / arresto;Conducente;F;Illeso;0;;Non accertato;Inesistente
1789622;11;15/01/2009 10:30;Strada Urbana;VIA COSTANTINO;all'intersezione con;VIA DELLA VILLA DI LUCINA;VIA DELLA VILLA DI LUCINA;;;Scontro frontale/laterale DX fra veicoli in marcia;Incrocio;Più di due carreggiate;Bagnato (pioggia);Asfaltata;Verticale ed orizzontale;Pioggia in atto;Normale;Buona;Ore Diurne;0;0;0;2;;;-1;2;Autovettura privata;In marcia / fermata / arresto;Conducente;M;Illeso;0;;Non accertato;Inesistente
1789623;11;31/01/2009 18:45;Strada Urbana;VIA DEL SERAFICO;in prossimità;;del civico n. ;127;;Tamponamento Multiplo;Rettilineo;Due carreggiate;Asciutto;Asfaltata;Verticale ed orizzontale;Sereno;Normale;Buona;Sufficiente;2;0;0;2;;;-1;1;Autovettura privata;In marcia / fermata / arresto;Conducente;M;Illeso;0;;Non accertato;Inesistente
1789623;11;31/01/2009 18:45;Strada Urbana;VIA DEL SERAFICO;in prossimità;;del civico n. ;127;;Tamponamento Multiplo;Rettilineo;Due carreggiate;Asciutto;Asfaltata;Verticale ed orizzontale;Sereno;Normale;Buona;Sufficiente;2;0;0;2;;;-1;2;Autovettura privata;In marcia / fermata / arresto;Conducente;F;Rimandato;0;NON DECEDUTO;Non accertato;Inesistente
1789623;11;31/01/2009 18:45;Strada Urbana;VIA DEL SERAFICO;in prossimità;;del civico n. ;127;;Tamponamento Multiplo;Rettilineo;Due carreggiate;Asciutto;Asfaltata;Verticale ed orizzontale;Sereno;Normale;Buona;Sufficiente;2;0;0;2;;;-1;3;Autovettura privata;In marcia / fermata / arresto;Conducente;M;Illeso;0;;Non accertato;Inesploso
1789623;11;31/01/2009 18:45;Strada Urbana;VIA DEL SERAFICO;in prossimità;;del civico n. ;127;;Tamponamento Multiplo;Rettilineo;Due carreggiate;Asciutto;Asfaltata;Verticale ed orizzontale;Sereno;Normale;Buona;Sufficiente;2;0;0;2;;;-1;3;Autovettura privata;In marcia / fermata / arresto;Passeggero;F;Rimandato;0;NON DECEDUTO;Utilizzato;Inesistente
1789624;12;24/01/2009 13:17;Strada Urbana;VIA CINA;in prossimità;;del civico n. ;4;;Tamponamento;Rettilineo;Una carreggiata a doppio senso;Asciutto;Asfaltata;Assente;Nuvoloso;Scarso;Buona;Ore Diurne;0;0;0;3;;;-1;1;Autovettura privata;In marcia / fermata / arresto;Conducente;M;Illeso;0;;Utilizzato;Inesistente
1789624;12;24/01/2009 13:17;Strada Urbana;VIA CINA;in prossimità;;del civico n. ;4;;Tamponamento;Rettilineo;Una carreggiata a doppio senso;Asciutto;Asfaltata;Assente;Nuvoloso;Scarso;Buona;Ore Diurne;0;0;0;3;;;-1;2;Autovettura privata;In marcia / fermata / arresto;Conducente;M;Illeso;0;;Utilizzato;Inesistente
1789624;12;24/01/2009 13:17;Strada Urbana;VIA CINA;in prossimità;;del civico n. ;4;;Tamponamento;Rettilineo;Una carreggiata a doppio senso;Asciutto;Asfaltata;Assente;Nuvoloso;Scarso;Buona;Ore Diurne;0;0;0;3;;;-1;2;Autovettura privata;In marcia / fermata / arresto;Passeggero;F;Illeso;0;;Utilizzato;Inesistente
1789625;12;25/01/2009 06:20;Strada Urbana;VIALE DELL'UMANESIMO;in prossimità;;del civico n. ;199;;Veicolo in marcia contro ostacolo fisso;Curva a visuale libera;Una carreggiata a doppio senso;Bagnato (pioggia);Asfaltata;Verticale ed orizzontale;Pioggia in atto;Scarso;Buona;Sufficiente;1;0;0;0;;;-1;1;Autovettura privata;In marcia / fermata / arresto;Conducente;M;Ricoverato;0;NON DECEDUTO;Utilizzato;Esploso
1789626;12;25/01/2009 17:20;Strada Urbana;PIAZZALE LUIGI STURZO;in prossimità;;del civico n. ;15;;Scontro laterale fra veicoli in marcia;Rettilineo;Una carreggiata a senso unico di marcia;Asciutto;Asfaltata;Orizzontale;Nuvoloso;Scarso;Buona;Sufficiente;0;0;0;2;;;-1;1;Autovettura privata;In marcia / fermata / arresto;Conducente;F;Illeso;0;;Utilizzato;Inesistente
1789626;12;25/01/2009 17:20;Strada Urbana;PIAZZALE LUIGI STURZO;in prossimità;;del civico n. ;15;;Scontro laterale fra veicoli in marcia;Rettilineo;Una carreggiata a senso unico di marcia;Asciutto;Asfaltata;Orizzontale;Nuvoloso;Scarso;Buona;Sufficiente;0;0;0;2;;;-1;2;Autovettura privata;In marcia / fermata / arresto;Conducente;F;Illeso;0;;Utilizzato;Inesistente
1789631;15;31/01/2009 17:25;Strada Urbana;VIA VINCENZO STATELLA;in prossimità;;del civico n. ;64;;Veicolo in marcia contro ostacolo accidentale;Rettilineo;Una carreggiata a doppio senso;Viscido da liquidi oleosi;Asfaltata;Orizzontale;Sereno;Scarso;Buona;Ore Diurne;0;0;0;2;;;-1;1;Motociclo con passeggero;In marcia / fermata / arresto;Conducente;M;Illeso;0;;Utilizzato;Inesistente
1789631;15;31/01/2009 17:25;Strada Urbana;VIA VINCENZO STATELLA;in prossimità;;del civico n. ;64;;Veicolo in marcia contro ostacolo accidentale;Rettilineo;Una carreggiata a doppio senso;Viscido da liquidi oleosi;Asfaltata;Orizzontale;Sereno;Scarso;Buona;Ore Diurne;0;0;0;2;;;-1;1;Motociclo con passeggero;In marcia / fermata / arresto;Passeggero;M;Illeso;0;;Utilizzato;Inesistente
1789632;15;31/01/2009 17:25;Strada Urbana;VIA VINCENZO STATELLA;in corrispondenza;;del civico n. ;56;;Veicolo in marcia contro ostacolo accidentale;Rettilineo;Una carreggiata a doppio senso;Viscido da liquidi oleosi;Asfaltata;Orizzontale;Nebbia;Normale;Buona;Sufficiente;2;0;0;0;;;-1;1;Motociclo con passeggero;In marcia / fermata / arresto;Conducente;F;Rimandato;0;NON DECEDUTO;Utilizzato;Inesistente
1789632;15;31/01/2009 17:25;Strada Urbana;VIA VINCENZO STATELLA;in corrispondenza;;del civico n. ;56;;Veicolo in marcia contro ostacolo accidentale;Rettilineo;Una carreggiata a doppio senso;Viscido da liquidi oleosi;Asfaltata;Orizzontale;Nebbia;Normale;Buona;Sufficiente;2;0;0;0;;;-1;1;Motociclo con passeggero;In marcia / fermata / arresto;Passeggero;M;Rimandato;0;NON DECEDUTO;Utilizzato;Inesistente
1789633;15;31/01/2009 19:00;Comunale extraurbana;VIALE FRANCO D'AMICO;all'intersezione con;VIALE ALEXANDRE G. EIFFEL;VIALE ALEXANDRE G. EIFFEL;;;Veicolo in marcia contro veicolo fermo;Rotatoria;Due carreggiate;Asciutto;Asfaltata;Verticale ed orizzontale;Sereno;Scarso;Buona;Sufficiente;0;0;0;5;;;-1;1;Autovettura privata;In marcia / fermata / arresto;Conducente;F;Illeso;0;;Utilizzato;Inesistente
1789633;15;31/01/2009 19:00;Comunale extraurbana;VIALE FRANCO D'AMICO;all'intersezione con;VIALE ALEXANDRE G. EIFFEL;VIALE ALEXANDRE G. EIFFEL;;;Veicolo in marcia contro veicolo fermo;Rotatoria;Due carreggiate;Asciutto;Asfaltata;Verticale ed orizzontale;Sereno;Scarso;Buona;Sufficiente;0;0;0;5;;;-1;1;Autovettura privata;In marcia / fermata / arresto;Passeggero;F;Illeso;0;;Utilizzato;Inesistente
1789633;15;31/01/2009 19:00;Comunale extraurbana;VIALE FRANCO D'AMICO;all'intersezione con;VIALE ALEXANDRE G. EIFFEL;VIALE ALEXANDRE G. EIFFEL;;;Veicolo in marcia contro veicolo fermo;Rotatoria;Due carreggiate;Asciutto;Asfaltata;Verticale ed orizzontale;Sereno;Scarso;Buona;Sufficiente;0;0;0;5;;;-1;1;Autovettura privata;In marcia / fermata / arresto;Passeggero;F;Illeso;0;;Utilizzato;Inesistente
1789633;15;31/01/2009 19:00;Comunale extraurbana;VIALE FRANCO D'AMICO;all'intersezione con;VIALE ALEXANDRE G. EIFFEL;VIALE ALEXANDRE G. EIFFEL;;;Veicolo in marcia contro veicolo fermo;Rotatoria;Due carreggiate;Asciutto;Asfaltata;Verticale ed orizzontale;Sereno;Scarso;Buona;Sufficiente;0;0;0;5;;;-1;2;Autovettura privata;In marcia / fermata / arresto;Conducente;M;Illeso;0;;Utilizzato;Inesistente
1789633;15;31/01/2009 19:00;Comunale extraurbana;VIALE FRANCO D'AMICO;all'intersezione con;VIALE ALEXANDRE G. EIFFEL;VIALE ALEXANDRE G. EIFFEL;;;Veicolo in marcia contro veicolo fermo;Rotatoria;Due carreggiate;Asciutto;Asfaltata;Verticale ed orizzontale;Sereno;Scarso;Buona;Sufficiente;0;0;0;5;;;-1;2;Autovettura privata;In marcia / fermata / arresto;Passeggero;F;Illeso;0;;Utilizzato;Inesistente
1789639;18;31/01/2009 11:30;Strada Urbana;CIRCONVALLAZIONE AURELIA;da specificare;;;;prossimità P.zza Villa Carpegna;Tamponamento;Rettilineo;Più di due carreggiate;Asciutto;Asfaltata;Verticale ed orizzontale;Sereno;Normale;Buona;Ore Diurne;0;0;0;3;;;-1;1;Autovettura privata;In marcia / fermata / arresto;Conducente;F;Illeso;0;;Non accertato;Inesploso
1789639;18;31/01/2009 11:30;Strada Urbana;CIRCONVALLAZIONE AURELIA;da specificare;;;;prossimità P.zza Villa Carpegna;Tamponamento;Rettilineo;Più di due carreggiate;Asciutto;Asfaltata;Verticale ed orizzontale;Sereno;Normale;Buona;Ore Diurne;0;0;0;3;;;-1;2;Autocarro inferiore 35 q.;In marcia / fermata / arresto;Conducente;M;Illeso;0;;Non accertato;Inesploso
1789639;18;31/01/2009 11:30;Strada Urbana;CIRCONVALLAZIONE AURELIA;da specificare;;;;prossimità P.zza Villa Carpegna;Tamponamento;Rettilineo;Più di due carreggiate;Asciutto;Asfaltata;Verticale ed orizzontale;Sereno;Normale;Buona;Ore Diurne;0;0;0;3;;;-1;2;Autocarro inferiore 35 q.;In marcia / fermata / arresto;Passeggero;M;Illeso;0;;Non accertato;Inesistente
1789640;18;30/01/2009 13:30;Strada Urbana;VIA DI TORREVECCHIA;all'intersezione semaforizzata con;VIA CRISTOFORO NUMAI;VIA CRISTOFORO NUMAI;;;Scontro frontale/laterale SX fra veicoli in marcia;Intersezione semaforizzata;Due carreggiate;Asciutto;Asfaltata;Verticale ed orizzontale;Sereno;Normale;Buona;Ore Diurne;3;0;0;0;;;-1;1;Autovettura privata;In marcia / fermata / arresto;Conducente;M;Rifiuta cure immediate;0;NON DECEDUTO;Non accertato;Esploso
1789640;18;30/01/2009 13:30;Strada Urbana;VIA DI TORREVECCHIA;all'intersezione semaforizzata con;VIA CRISTOFORO NUMAI;VIA CRISTOFORO NUMAI;;;Scontro frontale/laterale SX fra veicoli in marcia;Intersezione semaforizzata;Due carreggiate;Asciutto;Asfaltata;Verticale ed orizzontale;Sereno;Normale;Buona;Ore Diurne;3;0;0;0;;;-1;2;Autovettura privata;In marcia / fermata / arresto;Conducente;F;Rifiuta cure immediate;0;NON DECEDUTO;Non accertato;Inesistente
1789640;18;30/01/2009 13:30;Strada Urbana;VIA DI TORREVECCHIA;all'intersezione semaforizzata con;VIA CRISTOFORO NUMAI;VIA CRISTOFORO NUMAI;;;Scontro frontale/laterale SX fra veicoli in marcia;Intersezione semaforizzata;Due carreggiate;Asciutto;Asfaltata;Verticale ed orizzontale;Sereno;Normale;Buona;Ore Diurne;3;0;0;0;;;-1;2;Autovettura privata;In marcia / fermata / arresto;Passeggero;F;Rifiuta cure immediate;0;NON DECEDUTO;Non accertato;Inesistente
1789642;18;30/01/2009 16:10;Strada Urbana;VIA CLEMENTE III;in prossimità;;del civico n. ;68;;Veicoli in marcia contro veicolo fermo;Rettilineo;Una carreggiata a senso unico di marcia;Asciutto;Asfaltata;Assente;Sereno;Scarso;Buona;Ore Diurne;1;0;0;1;;;-1;1;Motociclo a solo;In marcia / fermata / arresto;Conducente;F;Illeso;0;;Non accertato;Inesistente
1789642;18;30/01/2009 16:10;Strada Urbana;VIA CLEMENTE III;in prossimità;;del civico n. ;68;;Veicoli in marcia contro veicolo fermo;Rettilineo;Una carreggiata a senso unico di marcia;Asciutto;Asfaltata;Assente;Sereno;Scarso;Buona;Ore Diurne;1;0;0;1;;;-1;2;Autovettura privata;Sosta;Passeggero;F;Rifiuta cure immediate;0;NON DECEDUTO;Non accertato;Inesistente
1789643;18;30/01/2009 18:00;Strada Urbana;VIA DI BOCCEA;all'intersezione con;VIA DI VAL CANNUTA;VIA DI VAL CANNUTA;;;Scontro laterale fra veicoli in marcia;Incrocio;Una carreggiata a doppio senso;Asciutto;Asfaltata;Verticale ed orizzontale;Sereno;Intenso;Buona;Sufficiente;0;0;0;4;;;-1;1;Autovettura privata;In marcia / fermata / arresto;Conducente;M;Illeso;0;;Non accertato;Inesistente
1789643;18;30/01/2009 18:00;Strada Urbana;VIA DI BOCCEA;all'intersezione con;VIA DI VAL CANNUTA;VIA DI VAL CANNUTA;;;Scontro laterale fra veicoli in marcia;Incrocio;Una carreggiata a doppio senso;Asciutto;Asfaltata;Verticale ed orizzontale;Sereno;Intenso;Buona;Sufficiente;0;0;0;4;;;-1;1;Autovettura privata;In marcia / fermata / arresto;Passeggero;M;Illeso;0;;Non accertato;Inesistente
1789643;18;30/01/2009 18:00;Strada Urbana;VIA DI BOCCEA;all'intersezione con;VIA DI VAL CANNUTA;VIA DI VAL CANNUTA;;;Scontro laterale fra veicoli in marcia;Incrocio;Una carreggiata a doppio senso;Asciutto;Asfaltata;Verticale ed orizzontale;Sereno;Intenso;Buona;Sufficiente;0;0;0;4;;;-1;2;Autovettura privata;In marcia / fermata / arresto;Conducente;F;Illeso;0;;Non accertato;Inesploso
1789643;18;30/01/2009 18:00;Strada Urbana;VIA DI BOCCEA;all'intersezione con;VIA DI VAL CANNUTA;VIA DI VAL CANNUTA;;;Scontro laterale fra veicoli in marcia;Incrocio;Una carreggiata a doppio senso;Asciutto;Asfaltata;Verticale ed orizzontale;Sereno;Intenso;Buona;Sufficiente;0;0;0;4;;;-1;2;Autovettura privata;In marcia / fermata / arresto;Passeggero;F;Illeso;0;;Non accertato;Inesistente
1789644;18;30/01/2009 18:55;Strada Urbana;PIAZZA IRNERIO;in prossimità;;del civico n. ;59;;Investimento di pedone;Rettilineo;Due carreggiate;Asciutto;Asfaltata;Verticale ed orizzontale;Sereno;Normale;Buona;Sufficiente;1;0;0;1;;;-1;;;;Pedone;M;Rimandato;0;NON DECEDUTO;;
1789644;18;30/01/2009 18:55;Strada Urbana;PIAZZA IRNERIO;in prossimità;;del civico n. ;59;;Investimento di pedone;Rettilineo;Due carreggiate;Asciutto;Asfaltata;Verticale ed orizzontale;Sereno;Normale;Buona;Sufficiente;1;0;0;1;;;-1;1;Autovettura privata;In marcia / fermata / arresto;Conducente;M;Illeso;0;;Non accertato;Inesistente
1789645;18;30/01/2009 19:20;Strada Urbana;VIA DI BOCCEA;all'intersezione con;VIA PIO IX;VIA PIO IX;;;Scontro frontale/laterale SX fra veicoli in marcia;Intersezione non regolata/non segnalata;Una carreggiata a doppio senso;Asciutto;Asfaltata;Verticale ed orizzontale;Sereno;Intenso;Sufficiente;Sufficiente;1;0;0;1;;;-1;1;Autovettura privata;In marcia / fermata / arresto;Conducente;F;Illeso;0;;Non accertato;Inesistente
1789645;18;30/01/2009 19:20;Strada Urbana;VIA DI BOCCEA;all'intersezione con;VIA PIO IX;VIA PIO IX;;;Scontro frontale/laterale SX fra veicoli in marcia;Intersezione non regolata/non segnalata;Una carreggiata a doppio senso;Asciutto;Asfaltata;Verticale ed orizzontale;Sereno;Intenso;Sufficiente;Sufficiente;1;0;0;1;;;-1;2;Motociclo a solo;In marcia / fermata / arresto;Conducente;M;Rimandato;0;NON DECEDUTO;Non accertato;Inesistente
1789646;18;30/01/2009 19:25;Strada Urbana;VIA DI BOCCEA;da specificare;;;;prossimità svincolo GRA;Tamponamento;Rettilineo;Una carreggiata a senso unico di marcia;Asciutto;Asfaltata;Verticale ed orizzontale;Sereno;Intenso;Buona;Sufficiente;0;0;0;2;;;-1;1;Autovettura privata;In marcia / fermata / arresto;Conducente;F;Illeso;0;;Non accertato;Inesistente
1789646;18;30/01/2009 19:25;Strada Urbana;VIA DI BOCCEA;da specificare;;;;prossimità svincolo GRA;Tamponamento;Rettilineo;Una carreggiata a senso unico di marcia;Asciutto;Asfaltata;Verticale ed orizzontale;Sereno;Intenso;Buona;Sufficiente;0;0;0;2;;;-1;2;Autovettura privata;In marcia / fermata / arresto;Conducente;M;Illeso;0;;Non accertato;Inesistente
1789647;18;30/01/2009 19:40;Strada Urbana;VIA DEL FORTE BRASCHI;in prossimità;;del civico n. ;fr. 2;;Scontro frontale/laterale DX fra veicoli in marcia;Rettilineo;Una carreggiata a senso unico di marcia;Asciutto;Asfaltata;Verticale ed orizzontale;Sereno;Scarso;Buona;Sufficiente;0;0;0;3;;;-1;1;Autovettura privata;In marcia / fermata / arresto;Conducente;M;Illeso;0;;Non accertato;Inesistente
1789647;18;30/01/2009 19:40;Strada Urbana;VIA DEL FORTE BRASCHI;in prossimità;;del civico n. ;fr. 2;;Scontro frontale/laterale DX fra veicoli in marcia;Rettilineo;Una carreggiata a senso unico di marcia;Asciutto;Asfaltata;Verticale ed orizzontale;Sereno;Scarso;Buona;Sufficiente;0;0;0;3;;;-1;1;Autovettura privata;In marcia / fermata / arresto;Passeggero;M;Illeso;0;;Non accertato;Inesistente
1789647;18;30/01/2009 19:40;Strada Urbana;VIA DEL FORTE BRASCHI;in prossimità;;del civico n. ;fr. 2;;Scontro frontale/laterale DX fra veicoli in marcia;Rettilineo;Una carreggiata a senso unico di marcia;Asciutto;Asfaltata;Verticale ed orizzontale;Sereno;Scarso;Buona;Sufficiente;0;0;0;3;;;-1;1;Autovettura privata;In marcia / fermata / arresto;Passeggero;F;Illeso;0;;Utilizzato;Inesistente